{"labels": [0, 0, 0, 0, 0, 0, 0, 0, 0, 0, 0, 0, 0, 0, 0, 0, 0, 0, 1, 1, 1, 1, 1, 1, 1, 1, 1, 1, 1, 1, 1, 1, 1, 1, 1, 1, 0, 0, 0, 0, 0, 0, 0, 0, 0, 0, 0, 0, 0, 0, 0, 0, 0, 0, 0, 0, 0, 0, 0, 0, 0, 0, 0, 0], "scores": [0.6710903644561768, 0.6702705025672913, 0.6674913763999939, 0.666964590549469, 0.6655179262161255, 0.6621974110603333, 0.6607896685600281, 0.6591333150863647, 0.6584504246711731, 0.6573060750961304, 0.6504853963851929, 0.6410753726959229, 0.6281988620758057, 0.6211620569229126, 0.6201363205909729, 0.6179318428039551, 0.5945884585380554, 0.5725727081298828, 0.13465294241905212, 0.13316290080547333, 0.11760250478982925, 0.11733576655387878, 0.1051194816827774, 0.10407537966966629, 0.10110070556402206, 0.09998568147420883, 0.09993334114551544, 0.09657511860132217, 0.09319578856229782, 0.09302902221679688, 0.08618342131376266, 0.08565624058246613, 0.08394280076026917, 0.08066371083259583, 0.0799216702580452, 0.07990720868110657, 0.038587313145399094, 0.032953839749097824, 0.03022945113480091, 0.02888476848602295, 0.02626863680779934, 0.024684643372893333, 0.02428572066128254, 0.024116266518831253, 0.024035291746258736, 0.02300877496600151, 0.0229075625538826, 0.02064351923763752, 0.018607228994369507, 0.01745655946433544, 0.017428135499358177, 0.0157295111566782, 0.014162125065922737, 0.013477293774485588, 0.013101335614919662, 0.012843679636716843, 0.012210945598781109, 0.011733203195035458, 0.011374864727258682, 0.01131473109126091, 0.010982418432831764, 0.010327893309295177, 0.010205822996795177, 0.010185571387410164], "bboxes": [[2419.29638671875, 1160.4906005859375, 2724.420654296875, 1472.1239013671875], [562.2105102539062, 1733.0662841796875, 886.908203125, 2065.25244140625], [1761.521484375, 1127.2010498046875, 2070.78662109375, 1438.7572021484375], [3054.77978515625, 1273.09521484375, 3376.7744140625, 1599.93994140625], [2964.651611328125, 1701.5343017578125, 3279.013916015625, 2023.1513671875], [444.5298767089844, 1321.499267578125, 772.8735961914062, 1657.46484375], [2361.67431640625, 1601.0406494140625, 2664.085205078125, 1908.2647705078125], [1760.3975830078125, 1566.2640380859375, 2065.9921875, 1876.40869140625], [1095.8587646484375, 1182.1788330078125, 1408.4189453125, 1499.9647216796875], [3522.03955078125, 1871.7078857421875, 3861.540771484375, 2219.118896484375], [1155.9334716796875, 1615.6580810546875, 1465.5172119140625, 1929.3836669921875], [-2.7856454849243164, 1919.7451171875, 338.3998107910156, 2279.115478515625], [3677.2177734375, 1462.4930419921875, 4009.718017578125, 1802.5352783203125], [1040.3173828125, 761.3958129882812, 1342.2352294921875, 1071.6971435546875], [3159.065185546875, 855.6799926757812, 3476.1650390625, 1173.782470703125], [2471.3671875, 737.3965454101562, 2771.62158203125, 1041.5355224609375], [1752.5338134765625, 702.708251953125, 2057.039306640625, 1013.3578491210938], [333.69439697265625, 905.8905029296875, 644.0933837890625, 1222.875], [1770.0059814453125, 1129.5870361328125, 2073.994873046875, 1439.9957275390625], [1771.93017578125, 1558.239501953125, 2077.469970703125, 1871.42919921875], [2471.099853515625, 744.9616088867188, 2773.71435546875, 1050.9613037109375], [3681.508056640625, 1473.1219482421875, 4000.23291015625, 1803.0989990234375], [2969.77734375, 1701.130615234375, 3283.329345703125, 2026.146240234375], [3054.392333984375, 1268.104736328125, 3381.492919921875, 1605.235595703125], [1756.7364501953125, 699.2811279296875, 2058.071533203125, 1009.8204956054688], [3162.4091796875, 860.1776123046875, 3474.31298828125, 1176.341552734375], [3522.16748046875, 1878.9381103515625, 3861.465576171875, 2224.985107421875], [565.1554565429688, 1730.385498046875, 886.72998046875, 2059.12646484375], [447.9089050292969, 1320.6400146484375, 777.37646484375, 1656.6427001953125], [1098.599609375, 1181.020751953125, 1406.0279541015625, 1495.292236328125], [2424.533447265625, 1163.8226318359375, 2725.575927734375, 1471.8182373046875], [-4.815971851348877, 1915.417724609375, 335.259521484375, 2273.05322265625], [1161.6588134765625, 1613.4644775390625, 1465.415283203125, 1922.7159423828125], [2368.86669921875, 1605.8914794921875, 2653.859619140625, 1895.0882568359375], [334.793701171875, 905.7388305664062, 644.8748779296875, 1224.5987548828125], [1055.5867919921875, 766.0543823242188, 1344.939697265625, 1060.64892578125], [2831.9951171875, 1583.7330322265625, 3130.312255859375, 1883.7822265625], [3529.264404296875, 1370.0433349609375, 3833.46044921875, 1676.3929443359375], [21.684703826904297, 1712.5567626953125, 317.0478515625, 2047.054931640625], [3322.2314453125, 1764.1175537109375, 3675.87060546875, 2101.7744140625], [2928.541748046875, 1206.639404296875, 3216.98193359375, 1490.7642822265625], [2337.157958984375, 642.5684814453125, 2649.173583984375, 958.392822265625], [1042.845703125, 1520.984619140625, 1362.7431640625, 1848.4984130859375], [1640.375, 1480.489501953125, 1920.7730712890625, 1779.2686767578125], [1643.98046875, 1048.0203857421875, 1931.6361083984375, 1335.5645751953125], [2235.63330078125, 1533.5904541015625, 2506.78271484375, 1823.0089111328125], [427.63604736328125, 1639.28564453125, 713.746337890625, 1927.230712890625], [3026.033935546875, 765.3289794921875, 3322.481201171875, 1062.732177734375], [3681.982421875, 972.4744873046875, 3972.1162109375, 1273.0772705078125], [297.0202331542969, 1205.0125732421875, 602.1332397460938, 1527.15283203125], [2802.58642578125, 1617.160400390625, 3113.950927734375, 1944.1324462890625], [739.3165283203125, 1644.0902099609375, 1056.730224609375, 1971.88037109375], [-45.48518753051758, 1718.5826416015625, 203.43202209472656, 2083.62060546875], [981.4388427734375, 1072.109375, 1271.087158203125, 1375.23681640625], [3795.36083984375, 1126.546630859375, 4026.23046875, 1447.9600830078125], [3500.110107421875, 2129.12109375, 3834.155029296875, 2445.468017578125], [3102.06982421875, 1588.966796875, 3396.234375, 1895.3797607421875], [1019.041015625, 1490.4593505859375, 1301.5693359375, 1803.85888671875], [3803.618408203125, 1048.8328857421875, 4014.92138671875, 1401.0185546875], [2302.751708984375, 1096.9171142578125, 2593.84375, 1386.421630859375], [2206.009033203125, 1510.4327392578125, 2466.80615234375, 1775.3804931640625], [3859.38916015625, 1367.55908203125, 4091.190185546875, 1682.39453125], [2870.857177734375, 1205.362060546875, 3163.872314453125, 1513.1995849609375], [3208.091796875, 1164.466552734375, 3507.198486328125, 1473.2476806640625]]}