{"labels": [0, 0, 0, 0, 0, 0, 0, 0, 0, 0, 0, 0, 0, 0, 0, 0, 0, 0, 1, 1, 1, 1, 1, 1, 1, 1, 1, 1, 1, 1, 1, 1, 1, 1, 1, 1, 0, 0, 0, 0, 0, 0, 0, 0, 0, 0, 0, 0, 0, 0, 0, 0, 0, 0, 0, 0, 0, 0, 0, 0, 1, 0, 1], "scores": [0.6755748391151428, 0.673952043056488, 0.6711652278900146, 0.6669434309005737, 0.6668797135353088, 0.6648637056350708, 0.6601951718330383, 0.65996915102005, 0.6530988812446594, 0.6510924696922302, 0.6472262144088745, 0.6450093388557434, 0.6447640061378479, 0.622249960899353, 0.6199358105659485, 0.6137177348136902, 0.6060093641281128, 0.593927800655365, 0.12745526432991028, 0.11655833572149277, 0.11371959745883942, 0.10732227563858032, 0.1040053740143776, 0.09847591072320938, 0.09806621074676514, 0.09408416599035263, 0.0933724045753479, 0.09336140751838684, 0.09331945329904556, 0.0913894921541214, 0.08895209431648254, 0.08635041117668152, 0.08599959313869476, 0.08469358831644058, 0.08419011533260345, 0.07500524818897247, 0.072639100253582, 0.04679446294903755, 0.032597869634628296, 0.02733413130044937, 0.026495663449168205, 0.024730246514081955, 0.02280498668551445, 0.02275099605321884, 0.02210342511534691, 0.018379274755716324, 0.01813408173620701, 0.017013583332300186, 0.01671428047120571, 0.015662269666790962, 0.015443677082657814, 0.014151721261441708, 0.01376677118241787, 0.012949974276125431, 0.01292186975479126, 0.012892207130789757, 0.01238661352545023, 0.011712643317878246, 0.011707193218171597, 0.01169053465127945, 0.011159137822687626, 0.010867787525057793, 0.010299778543412685], "bboxes": [[3050.742431640625, 1279.968994140625, 3359.32666015625, 1593.341796875], [1083.455322265625, 1190.408447265625, 1391.779052734375, 1505.5330810546875], [1757.2130126953125, 1572.5758056640625, 2062.220703125, 1883.6025390625], [431.0833435058594, 1314.124755859375, 755.701416015625, 1646.0948486328125], [2357.636474609375, 1605.2408447265625, 2659.796875, 1912.4669189453125], [2944.902587890625, 1689.120361328125, 3267.415771484375, 2020.6002197265625], [565.2293090820312, 1739.119140625, 887.4821166992188, 2070.847412109375], [1737.6324462890625, 1133.73828125, 2045.4852294921875, 1449.274169921875], [2393.87890625, 1168.9368896484375, 2695.98974609375, 1476.5294189453125], [1147.134765625, 1608.54296875, 1462.82568359375, 1929.114501953125], [-5.59440803527832, 1937.3857421875, 325.3457946777344, 2281.047607421875], [3667.6591796875, 1469.435546875, 3997.447021484375, 1804.9708251953125], [3510.17919921875, 1867.133056640625, 3843.97412109375, 2209.767578125], [1038.5302734375, 764.6197509765625, 1339.4639892578125, 1073.6781005859375], [1737.6688232421875, 701.3758544921875, 2038.61376953125, 1005.9188232421875], [3152.875732421875, 858.5040893554688, 3468.531494140625, 1178.8165283203125], [2453.36865234375, 741.0352172851562, 2761.892578125, 1048.4344482421875], [326.41357421875, 912.4834594726562, 639.3417358398438, 1230.11328125], [2398.76123046875, 1160.9586181640625, 2704.47021484375, 1474.42724609375], [3159.4150390625, 857.5582275390625, 3470.624755859375, 1178.1190185546875], [434.3232421875, 1305.990234375, 754.2728881835938, 1639.8428955078125], [2948.64453125, 1685.675048828125, 3261.413818359375, 2008.9171142578125], [1743.791259765625, 1129.031982421875, 2049.807373046875, 1439.793701171875], [3666.792236328125, 1470.041748046875, 3994.62451171875, 1807.61376953125], [3051.183837890625, 1282.72802734375, 3354.514892578125, 1592.491455078125], [574.8609008789062, 1743.902099609375, 884.8418579101562, 2057.96484375], [3518.208251953125, 1875.359375, 3852.201904296875, 2217.79150390625], [-6.651708126068115, 1926.99169921875, 328.72119140625, 2277.5126953125], [2456.635498046875, 749.5128784179688, 2744.6689453125, 1042.416015625], [2361.66796875, 1596.1080322265625, 2665.519775390625, 1907.35546875], [327.981201171875, 915.965087890625, 635.4007568359375, 1231.8148193359375], [1168.9820556640625, 1601.317626953125, 1464.9161376953125, 1903.34326171875], [1752.632080078125, 1572.4046630859375, 2065.049560546875, 1894.21826171875], [1041.7718505859375, 764.1986083984375, 1341.1124267578125, 1072.574951171875], [1082.431884765625, 1187.703857421875, 1389.96240234375, 1503.5960693359375], [1739.98828125, 704.8377075195312, 2046.5638427734375, 1019.560791015625], [3227.51806640625, 1130.858642578125, 3559.158203125, 1475.8082275390625], [2210.66650390625, 1067.74658203125, 2510.84228515625, 1371.66796875], [3131.03662109375, 1586.79541015625, 3433.634765625, 1898.86962890625], [3337.524658203125, 1757.7633056640625, 3656.864013671875, 2065.0888671875], [2793.696044921875, 1575.1158447265625, 3090.096923828125, 1883.765625], [2336.132080078125, 677.1312255859375, 2599.923583984375, 938.6849975585938], [19.54616355895996, 1702.5841064453125, 324.04449462890625, 2040.9691162109375], [2892.355224609375, 1174.9940185546875, 3198.120361328125, 1484.9775390625], [421.8412170410156, 1635.4625244140625, 711.2205200195312, 1927.522216796875], [1630.697265625, 1047.6021728515625, 1929.24853515625, 1343.5958251953125], [966.6083374023438, 1092.94873046875, 1248.4742431640625, 1388.0072021484375], [1902.97509765625, 1022.0933227539062, 2214.783935546875, 1345.7681884765625], [3185.58740234375, 1651.4981689453125, 3532.896240234375, 1970.8759765625], [2235.127197265625, 1528.8597412109375, 2508.1474609375, 1823.984375], [3503.89697265625, 1369.87548828125, 3827.11572265625, 1695.5894775390625], [3678.221923828125, 1751.552734375, 3999.88037109375, 2085.80712890625], [145.0433807373047, 1814.3316650390625, 455.2403564453125, 2166.468994140625], [-44.20892333984375, 1712.8302001953125, 202.00839233398438, 2089.04931640625], [1663.79248046875, 1497.796142578125, 1935.459228515625, 1787.7618408203125], [2799.222900390625, 1941.8056640625, 3077.209716796875, 2199.4833984375], [3012.295166015625, 768.6302490234375, 3308.173583984375, 1060.6741943359375], [280.8808288574219, 1185.95068359375, 589.081298828125, 1503.4669189453125], [1916.2191162109375, 1485.3306884765625, 2197.222900390625, 1769.9659423828125], [3290.1728515625, 1113.37158203125, 3575.396240234375, 1418.6998291015625], [3501.799560546875, 1836.235107421875, 3808.722412109375, 2149.881103515625], [1064.4044189453125, 1516.4149169921875, 1371.6490478515625, 1835.81103515625], [1803.147216796875, 1090.32861328125, 2120.0498046875, 1414.808837890625]]}